Code,Long code,Experiment code,Compound code,Smiles,Centroid res,Downloaded,ConformerSites upload name,CanonSites upload name,CrystalformSites upload name,Quatassemblies upload name,Crystalforms upload name,ConformerSites short tag,CanonSites short tag,CrystalformSites short tag,Quatassemblies short tag,Crystalforms short tag,ConformerSites alias,CanonSites alias,CrystalformSites alias,Quatassemblies alias,Crystalforms alias,Pose,[Other] upload_1 2025-01-30,[Other] RNA Cleft,[Other] ATP site,[Other] Crystal contact - not trust,[Other] Covalent to Cys262
5rhu-a,5rhu_A_705_v1,5rhu,,Cc1ccc(CS(N)(=O)=O)cc1F,5rhu/A/244/A_v1,True,1a - 5rhu/A/705,1 - 5rhu/A/705/1,F1a - 5rhu/A/705/1,A1 - monomer,F1 - P21,1a - 5rhu/A/705,1 - 5rhu/A/705/1,F1a - 5rhu/A/705/1,A1 - monomer,F1 - P21,1a - 5rhu/A/705,1 - 5rhu/A/705/1,F1a - 5rhu/A/705/1,A1 - monomer,F1 - P21,5rhu-a,True,False,False,True,False
7g9z-a,7g9z_A_705_v1,7g9z,,CC(C)c1cc2ncccc2[nH]1,5rhu/A/244/A_v1,True,1a - 5rhu/A/705,1 - 5rhu/A/705/1,F1a - 5rhu/A/705/1,A1 - monomer,F1 - P21,1a - 5rhu/A/705,1 - 5rhu/A/705/1,F1a - 5rhu/A/705/1,A1 - monomer,F1 - P21,1a - 5rhu/A/705,1 - 5rhu/A/705/1,F1a - 5rhu/A/705/1,A1 - monomer,F1 - P21,7g9z-a,True,False,False,True,False
5rhi-a,5rhi_A_705_v1,5rhi,,NC(=O)N1CCN(C(=O)c2ccco2)CC1,5rhu/A/244/A_v1,True,1a - 5rhu/A/705,1 - 5rhu/A/705/1,F1a - 5rhu/A/705/1,A1 - monomer,F1 - P21,1a - 5rhu/A/705,1 - 5rhu/A/705/1,F1a - 5rhu/A/705/1,A1 - monomer,F1 - P21,1a - 5rhu/A/705,1 - 5rhu/A/705/1,F1a - 5rhu/A/705/1,A1 - monomer,F1 - P21,5rhi-a,True,False,False,True,False
5rhr-a,5rhr_A_705_v1,5rhr,,CNC1(C(N)=O)CCCC1,5rhk/A/488/A_v1,True,3a - 5rhk/A/705,3 - 5rhk/A/705/1,F1d - 5rhr/A/705/1,A1 - monomer,F1 - P21,3a - 5rhk/A/705,3 - 5rhk/A/705/1,F1d - 5rhr/A/705/1,A1 - monomer,F1 - P21,3a - 5rhk/A/705,3 - 5rhk/A/705/1,F1d - 5rhr/A/705/1,A1 - monomer,F1 - P21,5rhr-a,True,False,False,True,False
5rhk-a,5rhk_A_705_v1,5rhk,,CC(=O)Nc1ccc(CC(N)=O)cc1,5rhk/A/488/A_v1,True,3a - 5rhk/A/705,3 - 5rhk/A/705/1,F1d - 5rhr/A/705/1,A1 - monomer,F1 - P21,3a - 5rhk/A/705,3 - 5rhk/A/705/1,F1d - 5rhr/A/705/1,A1 - monomer,F1 - P21,3a - 5rhk/A/705,3 - 5rhk/A/705/1,F1d - 5rhr/A/705/1,A1 - monomer,F1 - P21,5rhk-a,True,False,False,True,False
7g9r-a,7g9r_A_705_v1,7g9r,,NS(=O)(=O)c1ccccc1OC(F)F,7g9r/A/257/A_v1,True,6a - 7g9r/A/705,6 - 7g9r/A/705/1,F1h - 7g9r/A/705/1,A1 - monomer,F1 - P21,6a - 7g9r/A/705,6 - 7g9r/A/705/1,F1h - 7g9r/A/705/1,A1 - monomer,F1 - P21,6a - 7g9r/A/705,6 - 7g9r/A/705/1,F1h - 7g9r/A/705/1,A1 - monomer,F1 - P21,7g9r-a,True,False,False,True,False
7g9p-a,7g9p_A_705_v1,7g9p,,Cc1cccc(O)c1NC(=O)c1ccncc1F,5rhu/A/244/A_v1,True,1a - 5rhu/A/705,1 - 5rhu/A/705/1,F1a - 5rhu/A/705/1,A1 - monomer,F1 - P21,1a - 5rhu/A/705,1 - 5rhu/A/705/1,F1a - 5rhu/A/705/1,A1 - monomer,F1 - P21,1a - 5rhu/A/705,1 - 5rhu/A/705/1,F1a - 5rhu/A/705/1,A1 - monomer,F1 - P21,7g9p-a,True,False,False,True,False
7ga4-a,7ga4_A_705_v1,7ga4,,CCS/C(=N\c1ccc(CC)cc1)NC,7ga4/A/582/A_v1,True,14a - 7ga4/A/705,14 - 7ga4/A/705/1,F1p - 7ga4/A/705/1,A1 - monomer,F1 - P21,14a - 7ga4/A/705,14 - 7ga4/A/705/1,F1p - 7ga4/A/705/1,A1 - monomer,F1 - P21,14a - 7ga4/A/705,14 - 7ga4/A/705/1,F1p - 7ga4/A/705/1,A1 - monomer,F1 - P21,7ga4-a,True,False,False,True,False
7ga1-a,7ga1_A_703_v1,7ga1,,O=C(O)[C@H]1CCC[C@H]1c1ccsc1,7g9m/A/293/A_v1,True,2a - 7g9m/A/704,2 - 7g9m/A/704/1,F1b - 7ga1/A/703/1,A1 - monomer,F1 - P21,2a - 7g9m/A/704,2 - 7g9m/A/704/1,F1b - 7ga1/A/703/1,A1 - monomer,F1 - P21,2a - 7g9m/A/704,2 - 7g9m/A/704/1,F1b - 7ga1/A/703/1,A1 - monomer,F1 - P21,7ga1-a,True,True,False,True,False
8v7u-a,8v7u_A_812_v1,8v7u,,Cc1noc(NC(=O)CC2CCCC2)n1,7g9m/A/293/A_v1,True,2a - 7g9m/A/704,2 - 7g9m/A/704/1,F1b - 7ga1/A/703/1,A1 - monomer,F1 - P21,2a - 7g9m/A/704,2 - 7g9m/A/704/1,F1b - 7ga1/A/703/1,A1 - monomer,F1 - P21,2a - 7g9m/A/704,2 - 7g9m/A/704/1,F1b - 7ga1/A/703/1,A1 - monomer,F1 - P21,8v7u-a,True,True,False,True,False
7g9w-a,7g9w_A_705_v1,7g9w,,Cc1n[nH]c(C)c1CNC1CCCCC1,7g9w/A/398/A_v1,True,12a - 7g9w/A/705,12 - 7g9w/A/705/1,F1n - 7g9w/A/705/1,A1 - monomer,F1 - P21,12a - 7g9w/A/705,12 - 7g9w/A/705/1,F1n - 7g9w/A/705/1,A1 - monomer,F1 - P21,12a - 7g9w/A/705,12 - 7g9w/A/705/1,F1n - 7g9w/A/705/1,A1 - monomer,F1 - P21,7g9w-a,True,False,False,True,False
5rhm-a,5rhm_A_705_v1,5rhm,,Fc1ccccc1CNc1cn[nH]c1,5rhm/A/582/A_v1,True,4a - 5rhm/A/705,4 - 5rhm/A/705/1,F1f - 5rhm/A/705/1,A1 - monomer,F1 - P21,4a - 5rhm/A/705,4 - 5rhm/A/705/1,F1f - 5rhm/A/705/1,A1 - monomer,F1 - P21,4a - 5rhm/A/705,4 - 5rhm/A/705/1,F1f - 5rhm/A/705/1,A1 - monomer,F1 - P21,5rhm-a,True,False,False,True,False
5rhv-a,5rhv_A_705_v1,5rhv,,COCC(=O)Nc1nc(-c2ccccc2)cs1,5rhv/A/447/A_v1,True,9a - 5rhv/A/705,9 - 5rhv/A/705/1,F1k - 5rhv/A/705/1,A1 - monomer,F1 - P21,9a - 5rhv/A/705,9 - 5rhv/A/705/1,F1k - 5rhv/A/705/1,A1 - monomer,F1 - P21,9a - 5rhv/A/705,9 - 5rhv/A/705/1,F1k - 5rhv/A/705/1,A1 - monomer,F1 - P21,5rhv-a,True,False,False,True,False
5rhh-a,5rhh_A_705_v1,5rhh,,Cn1cc(C(N)=O)c(C(F)F)n1,5rhh/A/304/A_v1,True,8a - 5rhh/A/705,8 - 5rhh/A/705/1,F1j - 5rhh/A/705/1,A1 - monomer,F1 - P21,8a - 5rhh/A/705,8 - 5rhh/A/705/1,F1j - 5rhh/A/705/1,A1 - monomer,F1 - P21,8a - 5rhh/A/705,8 - 5rhh/A/705/1,F1j - 5rhh/A/705/1,A1 - monomer,F1 - P21,5rhh-a,True,False,False,True,False
7g9m-a,7g9m_A_704_v1,7g9m,,CN1CCN(C(=O)Nc2ccc(F)cc2)CC1,7g9m/A/293/A_v1,True,2a - 7g9m/A/704,2 - 7g9m/A/704/1,F1b - 7ga1/A/703/1,A1 - monomer,F1 - P21,2a - 7g9m/A/704,2 - 7g9m/A/704/1,F1b - 7ga1/A/703/1,A1 - monomer,F1 - P21,2a - 7g9m/A/704,2 - 7g9m/A/704/1,F1b - 7ga1/A/703/1,A1 - monomer,F1 - P21,7g9m-a,True,True,False,True,False
7g9v-a,7g9v_A_705_v1,7g9v,,CC(=O)Nc1ccc2cn[nH]c2c1,5rhk/A/488/A_v1,True,3a - 5rhk/A/705,3 - 5rhk/A/705/1,F1e - 7g9v/A/705/1,A1 - monomer,F1 - P21,3a - 5rhk/A/705,3 - 5rhk/A/705/1,F1e - 7g9v/A/705/1,A1 - monomer,F1 - P21,3a - 5rhk/A/705,3 - 5rhk/A/705/1,F1e - 7g9v/A/705/1,A1 - monomer,F1 - P21,7g9v-a,True,False,False,True,False
8um3-a,8um3_A_705_v1,8um3,,c1cnn2nnnc2c1,8um3/A/225/A_v1,True,15a - 8um3/A/705,15 - 8um3/A/705/1,F1q - 8um3/A/705/1,A1 - monomer,F1 - P21,15a - 8um3/A/705,15 - 8um3/A/705/1,F1q - 8um3/A/705/1,A1 - monomer,F1 - P21,15a - 8um3/A/705,15 - 8um3/A/705/1,F1q - 8um3/A/705/1,A1 - monomer,F1 - P21,8um3-a,True,True,False,True,True
5rho-a,5rho_A_705_v1,5rho,,CC(=O)Nc1ccccc1CC(=O)O,5rhu/A/244/A_v1,True,1a - 5rhu/A/705,1 - 5rhu/A/705/1,F1a - 5rhu/A/705/1,A1 - monomer,F1 - P21,1a - 5rhu/A/705,1 - 5rhu/A/705/1,F1a - 5rhu/A/705/1,A1 - monomer,F1 - P21,1a - 5rhu/A/705,1 - 5rhu/A/705/1,F1a - 5rhu/A/705/1,A1 - monomer,F1 - P21,5rho-a,True,False,False,True,False
7g9t-a,7g9t_A_704_v1,7g9t,,COC(=O)CNC(=O)C1CCCCC1,7g9m/A/293/A_v1,True,2a - 7g9m/A/704,2 - 7g9m/A/704/1,F1b - 7ga1/A/703/1,A1 - monomer,F1 - P21,2a - 7g9m/A/704,2 - 7g9m/A/704/1,F1b - 7ga1/A/703/1,A1 - monomer,F1 - P21,2a - 7g9m/A/704,2 - 7g9m/A/704/1,F1b - 7ga1/A/703/1,A1 - monomer,F1 - P21,7g9t-a,True,True,False,True,False
5rhg-b,5rhg_A_705_v1,5rhg,,COc1ccc(C)cc1NC(=O)CN,5rhg/A/302/A_v1,True,7a - 5rhg/A/705,7 - 5rhg/A/705/1,F1i - 5rhg/A/705/1,A1 - monomer,F1 - P21,7a - 5rhg/A/705,7 - 5rhg/A/705/1,F1i - 5rhg/A/705/1,A1 - monomer,F1 - P21,7a - 5rhg/A/705,7 - 5rhg/A/705/1,F1i - 5rhg/A/705/1,A1 - monomer,F1 - P21,5rhg-b,True,False,False,True,False
5rhg-a,5rhg_A_704_v1,5rhg,,COc1ccc(C)cc1NC(=O)CN,7g9m/A/293/A_v1,True,2a - 7g9m/A/704,2 - 7g9m/A/704/1,F1b - 7ga1/A/703/1,A1 - monomer,F1 - P21,2a - 7g9m/A/704,2 - 7g9m/A/704/1,F1b - 7ga1/A/703/1,A1 - monomer,F1 - P21,2a - 7g9m/A/704,2 - 7g9m/A/704/1,F1b - 7ga1/A/703/1,A1 - monomer,F1 - P21,5rhg-a,True,True,False,True,False
5rhq-a,5rhq_A_705_v1,5rhq,,OCc1ccc(-n2cnc3ccccc32)cc1,5rhu/A/244/A_v1,True,1a - 5rhu/A/705,1 - 5rhu/A/705/1,F1a - 5rhu/A/705/1,A1 - monomer,F1 - P21,1a - 5rhu/A/705,1 - 5rhu/A/705/1,F1a - 5rhu/A/705/1,A1 - monomer,F1 - P21,1a - 5rhu/A/705,1 - 5rhu/A/705/1,F1a - 5rhu/A/705/1,A1 - monomer,F1 - P21,5rhq-a,True,False,False,True,False
5rhj-a,5rhj_A_705_v1,5rhj,,CS(=O)(=O)Cc1nc2ccccc2[nH]1,5rhu/A/244/A_v1,True,1a - 5rhu/A/705,1 - 5rhu/A/705/1,F1a - 5rhu/A/705/1,A1 - monomer,F1 - P21,1a - 5rhu/A/705,1 - 5rhu/A/705/1,F1a - 5rhu/A/705/1,A1 - monomer,F1 - P21,1a - 5rhu/A/705,1 - 5rhu/A/705/1,F1a - 5rhu/A/705/1,A1 - monomer,F1 - P21,5rhj-a,True,False,False,True,False
7ga5-a,7ga5_A_705_v1,7ga5,,c1ccc2sc(N3CCNCC3)nc2c1,5rhu/A/244/A_v1,True,1a - 5rhu/A/705,1 - 5rhu/A/705/1,F1a - 5rhu/A/705/1,A1 - monomer,F1 - P21,1a - 5rhu/A/705,1 - 5rhu/A/705/1,F1a - 5rhu/A/705/1,A1 - monomer,F1 - P21,1a - 5rhu/A/705,1 - 5rhu/A/705/1,F1a - 5rhu/A/705/1,A1 - monomer,F1 - P21,7ga5-a,True,False,False,True,False
7g9q-a,7g9q_A_704_v1,7g9q,,CN(C)S(=O)(=O)c1cccnc1,7g9q/A/196/A_v1,True,10a - 7g9q/A/704,10 - 7g9q/A/704/1,F1l - 7g9q/A/704/1,A1 - monomer,F1 - P21,10a - 7g9q/A/704,10 - 7g9q/A/704/1,F1l - 7g9q/A/704/1,A1 - monomer,F1 - P21,10a - 7g9q/A/704,10 - 7g9q/A/704/1,F1l - 7g9q/A/704/1,A1 - monomer,F1 - P21,7g9q-a,True,False,True,False,False
7ga0-a,7ga0_A_705_v1,7ga0,,Cn1cc(C(F)(F)F)nc1[C@@H]1CCCNC1,5rhm/A/582/A_v1,True,4a - 5rhm/A/705,4 - 5rhm/A/705/1,F1f - 5rhm/A/705/1,A1 - monomer,F1 - P21,4a - 5rhm/A/705,4 - 5rhm/A/705/1,F1f - 5rhm/A/705/1,A1 - monomer,F1 - P21,4a - 5rhm/A/705,4 - 5rhm/A/705/1,F1f - 5rhm/A/705/1,A1 - monomer,F1 - P21,7ga0-a,True,False,False,True,False
7ga2-a,7ga2_A_704_v1,7ga2,,COC(=O)[C@@]1(C)CCCN1S(C)(=O)=O,7g9m/A/293/A_v1,True,2a - 7g9m/A/704,2 - 7g9m/A/704/1,F1b - 7ga1/A/703/1,A1 - monomer,F1 - P21,2a - 7g9m/A/704,2 - 7g9m/A/704/1,F1b - 7ga1/A/703/1,A1 - monomer,F1 - P21,2a - 7g9m/A/704,2 - 7g9m/A/704/1,F1b - 7ga1/A/703/1,A1 - monomer,F1 - P21,7ga2-a,True,True,False,True,False
7ga3-a,7ga3_A_705_v1,7ga3,,O=S1(=O)CC(O)C1,7g9m/A/293/A_v1,True,2a - 7g9m/A/704,2 - 7g9m/A/704/1,F1c - 7ga3/A/705/1,A1 - monomer,F1 - P21,2a - 7g9m/A/704,2 - 7g9m/A/704/1,F1c - 7ga3/A/705/1,A1 - monomer,F1 - P21,2a - 7g9m/A/704,2 - 7g9m/A/704/1,F1c - 7ga3/A/705/1,A1 - monomer,F1 - P21,7ga3-a,True,True,False,True,False
7ga6-a,7ga6_A_705_v1,7ga6,,CC1(C)OC(=O)c2cc(Br)c(O)cc2O1,5rhu/A/244/A_v1,True,1a - 5rhu/A/705,1 - 5rhu/A/705/1,F1a - 5rhu/A/705/1,A1 - monomer,F1 - P21,1a - 5rhu/A/705,1 - 5rhu/A/705/1,F1a - 5rhu/A/705/1,A1 - monomer,F1 - P21,1a - 5rhu/A/705,1 - 5rhu/A/705/1,F1a - 5rhu/A/705/1,A1 - monomer,F1 - P21,7ga6-a,True,False,False,True,False
7ga7-a,7ga7_A_705_v1,7ga7,,COc1ccc(CN2CCNCC2)cc1F,5rhu/A/244/A_v1,True,1a - 5rhu/A/705,1 - 5rhu/A/705/1,F1a - 5rhu/A/705/1,A1 - monomer,F1 - P21,1a - 5rhu/A/705,1 - 5rhu/A/705/1,F1a - 5rhu/A/705/1,A1 - monomer,F1 - P21,1a - 5rhu/A/705,1 - 5rhu/A/705/1,F1a - 5rhu/A/705/1,A1 - monomer,F1 - P21,7ga7-a,True,False,False,True,False
5rhl-a,5rhl_A_705_v1,5rhl,,CCOc1ccccc1N1CCNCC1,5rhu/A/244/A_v1,True,1a - 5rhu/A/705,1 - 5rhu/A/705/1,F1a - 5rhu/A/705/1,A1 - monomer,F1 - P21,1a - 5rhu/A/705,1 - 5rhu/A/705/1,F1a - 5rhu/A/705/1,A1 - monomer,F1 - P21,1a - 5rhu/A/705,1 - 5rhu/A/705/1,F1a - 5rhu/A/705/1,A1 - monomer,F1 - P21,5rhl-a,True,False,False,True,False
7g9l-a,7g9l_A_705_v1,7g9l,,C[C@H](Oc1ccc(-c2ccccc2)cc1)C(=O)O,5rhu/A/244/A_v1,True,1a - 5rhu/A/705,1 - 5rhu/A/705/1,F1a - 5rhu/A/705/1,A1 - monomer,F1 - P21,1a - 5rhu/A/705,1 - 5rhu/A/705/1,F1a - 5rhu/A/705/1,A1 - monomer,F1 - P21,1a - 5rhu/A/705,1 - 5rhu/A/705/1,F1a - 5rhu/A/705/1,A1 - monomer,F1 - P21,7g9l-a,True,False,False,True,False
7g9u-a,7g9u_A_705_v1,7g9u,,NC1SC=CN1CC(=O)Nc1ccc(F)cc1,7g9u/A/469/A_v1,True,11a - 7g9u/A/705,11 - 7g9u/A/705/1,F1m - 7g9u/A/705/1,A1 - monomer,F1 - P21,11a - 7g9u/A/705,11 - 7g9u/A/705/1,F1m - 7g9u/A/705/1,A1 - monomer,F1 - P21,11a - 7g9u/A/705,11 - 7g9u/A/705/1,F1m - 7g9u/A/705/1,A1 - monomer,F1 - P21,7g9u-a,True,False,False,True,False
5rhs-a,5rhs_A_705_v1,5rhs,,CC(=O)c1cccc(NC(=O)N2CCOCC2)c1,5rhu/A/244/A_v1,True,1a - 5rhu/A/705,1 - 5rhu/A/705/1,F1a - 5rhu/A/705/1,A1 - monomer,F1 - P21,1a - 5rhu/A/705,1 - 5rhu/A/705/1,F1a - 5rhu/A/705/1,A1 - monomer,F1 - P21,1a - 5rhu/A/705,1 - 5rhu/A/705/1,F1a - 5rhu/A/705/1,A1 - monomer,F1 - P21,5rhs-a,True,False,False,True,False
7g9x-a,7g9x_A_705_v1,7g9x,,O=C1NC(=O)[C@]2(CCCNC2)N1,7g9x/A/554/A_v1,True,13a - 7g9x/A/705,13 - 7g9x/A/705/1,F1o - 7g9x/A/705/1,A1 - monomer,F1 - P21,13a - 7g9x/A/705,13 - 7g9x/A/705/1,F1o - 7g9x/A/705/1,A1 - monomer,F1 - P21,13a - 7g9x/A/705,13 - 7g9x/A/705/1,F1o - 7g9x/A/705/1,A1 - monomer,F1 - P21,7g9x-a,True,False,False,True,False
8v7r-a,8v7r_A_704_v1,8v7r,,COc1ccc(CC[C@@]2(C)NC(=O)NC2=O)cc1,5rhu/A/244/A_v1,True,1a - 5rhu/A/705,1 - 5rhu/A/705/1,F1a - 5rhu/A/705/1,A1 - monomer,F1 - P21,1a - 5rhu/A/705,1 - 5rhu/A/705/1,F1a - 5rhu/A/705/1,A1 - monomer,F1 - P21,1a - 5rhu/A/705,1 - 5rhu/A/705/1,F1a - 5rhu/A/705/1,A1 - monomer,F1 - P21,8v7r-a,True,False,False,True,False
8v7r-b,8v7r_A_703_v1,8v7r,,COc1ccc(CC[C@@]2(C)NC(=O)NC2=O)cc1,7g9m/A/293/A_v1,True,2a - 7g9m/A/704,2 - 7g9m/A/704/1,F1c - 7ga3/A/705/1,A1 - monomer,F1 - P21,2a - 7g9m/A/704,2 - 7g9m/A/704/1,F1c - 7ga3/A/705/1,A1 - monomer,F1 - P21,2a - 7g9m/A/704,2 - 7g9m/A/704/1,F1c - 7ga3/A/705/1,A1 - monomer,F1 - P21,8v7r-b,True,True,False,True,False
7g9n-a,7g9n_A_705_v1,7g9n,,O=C(CN1CCNCC1)Nc1ccc(F)cc1,5rhu/A/244/A_v1,True,1a - 5rhu/A/705,1 - 5rhu/A/705/1,F1a - 5rhu/A/705/1,A1 - monomer,F1 - P21,1a - 5rhu/A/705,1 - 5rhu/A/705/1,F1a - 5rhu/A/705/1,A1 - monomer,F1 - P21,1a - 5rhu/A/705,1 - 5rhu/A/705/1,F1a - 5rhu/A/705/1,A1 - monomer,F1 - P21,7g9n-a,True,False,False,True,False
5rhp-a,5rhp_A_705_v1,5rhp,,COc1ccc2[nH]cc(CN(C)C)c2c1,5rhp/A/570/A_v1,True,5a - 5rhp/A/705,5 - 5rhp/A/705/1,F1g - 5rhp/A/705/1,A1 - monomer,F1 - P21,5a - 5rhp/A/705,5 - 5rhp/A/705/1,F1g - 5rhp/A/705/1,A1 - monomer,F1 - P21,5a - 5rhp/A/705,5 - 5rhp/A/705/1,F1g - 5rhp/A/705/1,A1 - monomer,F1 - P21,5rhp-a,True,False,False,True,False
7g9y-a,7g9y_A_703_v1,7g9y,,CC(C)(C)c1ncc2c(n1)CCNC2,7g9m/A/293/A_v1,True,2a - 7g9m/A/704,2 - 7g9m/A/704/1,F1b - 7ga1/A/703/1,A1 - monomer,F1 - P21,2a - 7g9m/A/704,2 - 7g9m/A/704/1,F1b - 7ga1/A/703/1,A1 - monomer,F1 - P21,2a - 7g9m/A/704,2 - 7g9m/A/704/1,F1b - 7ga1/A/703/1,A1 - monomer,F1 - P21,7g9y-a,True,True,False,True,False
5rhw-a,5rhw_A_705_v1,5rhw,,Cc1sc2ncnc(N(C)C)c2c1C,5rhu/A/244/A_v1,True,1a - 5rhu/A/705,1 - 5rhu/A/705/1,F1a - 5rhu/A/705/1,A1 - monomer,F1 - P21,1a - 5rhu/A/705,1 - 5rhu/A/705/1,F1a - 5rhu/A/705/1,A1 - monomer,F1 - P21,1a - 5rhu/A/705,1 - 5rhu/A/705/1,F1a - 5rhu/A/705/1,A1 - monomer,F1 - P21,5rhw-a,True,False,False,True,False
7g9k-a,7g9k_A_705_v1,7g9k,,O=C(CC(F)(F)F)N1CCNCC1,7g9m/A/293/A_v1,True,2a - 7g9m/A/704,2 - 7g9m/A/704/1,F1c - 7ga3/A/705/1,A1 - monomer,F1 - P21,2a - 7g9m/A/704,2 - 7g9m/A/704/1,F1c - 7ga3/A/705/1,A1 - monomer,F1 - P21,2a - 7g9m/A/704,2 - 7g9m/A/704/1,F1c - 7ga3/A/705/1,A1 - monomer,F1 - P21,7g9k-a,True,True,False,True,False
5rht-a,5rht_A_705_v1,5rht,,NC(=S)Nc1ccccc1OC(F)(F)F,5rhu/A/244/A_v1,True,1a - 5rhu/A/705,1 - 5rhu/A/705/1,F1a - 5rhu/A/705/1,A1 - monomer,F1 - P21,1a - 5rhu/A/705,1 - 5rhu/A/705/1,F1a - 5rhu/A/705/1,A1 - monomer,F1 - P21,1a - 5rhu/A/705,1 - 5rhu/A/705/1,F1a - 5rhu/A/705/1,A1 - monomer,F1 - P21,5rht-a,True,False,False,True,False
7g9o-a,7g9o_A_705_v1,7g9o,,CS(=O)(=O)N[C@@H]1CCOc2ccccc21,5rhu/A/244/A_v1,True,1a - 5rhu/A/705,1 - 5rhu/A/705/1,F1a - 5rhu/A/705/1,A1 - monomer,F1 - P21,1a - 5rhu/A/705,1 - 5rhu/A/705/1,F1a - 5rhu/A/705/1,A1 - monomer,F1 - P21,1a - 5rhu/A/705,1 - 5rhu/A/705/1,F1a - 5rhu/A/705/1,A1 - monomer,F1 - P21,7g9o-a,True,False,False,True,False
7g9s-a,7g9s_A_705_v1,7g9s,,CC(=O)N1CCOc2ccccc2C1,5rhp/A/570/A_v1,True,5a - 5rhp/A/705,5 - 5rhp/A/705/1,F1g - 5rhp/A/705/1,A1 - monomer,F1 - P21,5a - 5rhp/A/705,5 - 5rhp/A/705/1,F1g - 5rhp/A/705/1,A1 - monomer,F1 - P21,5a - 5rhp/A/705,5 - 5rhp/A/705/1,F1g - 5rhp/A/705/1,A1 - monomer,F1 - P21,7g9s-a,True,False,False,True,False
5rhx-a,5rhx_A_705_v1,5rhx,,Cc1cc(F)cc(S(N)(=O)=O)c1,7g9r/A/257/A_v1,True,6a - 7g9r/A/705,6 - 7g9r/A/705/1,F1h - 7g9r/A/705/1,A1 - monomer,F1 - P21,6a - 7g9r/A/705,6 - 7g9r/A/705/1,F1h - 7g9r/A/705/1,A1 - monomer,F1 - P21,6a - 7g9r/A/705,6 - 7g9r/A/705/1,F1h - 7g9r/A/705/1,A1 - monomer,F1 - P21,5rhx-a,True,False,False,True,False
